Name,Ticker,Cur Debt & Cap Lease Oblig (mil) FY 1 Inc Statement Currency,Cur Debt & Cap Lease Oblig (mil) Last FY Qtr Inc Statement Currency,Currency Adjustment (mil) FY (3 Mo) Inc Statement Currency,Currency Adjustment (mil) FY 1 Inc Statement Currency,Currency Adjustment (mil) FY Cum (6 Mo) Inc Statement Currency,Currency Adjustment (mil) FY Cum (9 Mo) Inc Statement Currency,Currency Adjustment (mil) Last FY Qtr Inc Statement Currency,Current Assets (mil) (FY Qtr End) Inc Statement Currency,Current Assets (mil) FY 1 Inc Statement Currency,Current Assets (mil) FY 1 Inc Statement Currency,Current Assets (mil) Last FY Qtr Inc Statement Currency,Current Cap Lease Oblig (mil) FY 1 Inc Statement Currency,Current Cap Lease Oblig (mil) Last FY Qtr Inc Statement Currency,Current Debt (mil) FY 1 Inc Statement Currency,Current Debt (mil) Last FY Qtr Inc Statement Currency,Current Def Tax Assets (mil) FY 1 Inc Statement Currency,Current Def Tax Assets (mil) Last FY Qtr Inc Statement Currency,Current Def Tax Liabilities (mil) FY 1 Inc Statement Currency,Current Def Tax Liabilities (mil) Last FY Qtr Inc Statement Currency,Current Liabilities (mil) (FY Qtr End) Inc Statement Currency,Current Liabilities (mil) FY 1 Inc Statement Currency,Current Liabilities (mil) Last FY Qtr Inc Statement Currency,Current Liabilities Yr 1 in Mil Inc Statement Currency,Current Ratio (FY Qtr End),Current Ratio FY 1,Current Return %,Debt to Equity (FY Qtr End),Debt to Equity FY 1,Debt to Equity FY 2,Debt to Total Cap FY 1,Debt to Total Cap FY 2,Debt to Total Capital (FY Qtr End),Deferred Liabilities (mil) FY 1 Inc Statement Currency,Deferred Liabilities (mil) Last FY Qtr Inc Statement Currency,Deferred Revenues (mil) FY 1 Inc Statement Currency,Deferred Revenues (mil) Last FY Qtr Inc Statement Currency,Deferred Tax (mil) FY (3 Mo) Inc Statement Currency,Deferred Tax (mil) FY 1 Inc Statement Currency,Deferred Tax (mil) FY Cum (6 Mo) Inc Statement Currency,Deferred Tax (mil) FY Cum (9 Mo) Inc Statement Currency,Deferred Tax (mil) Last FY Qtr Inc Statement Currency,Deferred Taxes (mil) FY 1 Inc Statement Currency,Dep & Amort Depletion (mil) FY (3 Mo) Inc Statement Currency,Dep & Amort Depletion (mil) FY 1 Inc Statement Currency,Dep & Amort Depletion (mil) FY Cum (6 Mo) Inc Statement Currency,Dep & Amort Depletion (mil) FY Cum (9 Mo) Inc Statement Currency,Dep & Amort Depletion (mil) Last FY Qtr Inc Statement Currency,Deprec & Amort Yr 1 in Mil Inc Statement Currency,Financial Leverage (FY Qtr End),Financial Leverage 1 Yr - FY1,Financial Leverage 1 Yr - FY10,Financial Leverage 1 Yr - FY2,Financial Leverage 1 Yr - FY3,Financial Leverage 1 Yr - FY4,Financial Leverage 1 Yr - FY5,Financial Leverage 1 Yr - FY6,Financial Leverage 1 Yr - FY7,Financial Leverage 1 Yr - FY8,Financial Leverage 1 Yr - FY9,Financial Leverage FY 1,Financial Leverage FY 2,Fixed Assets Turnover FY 1,Gain on Sale of Business (mil) FY (3 Mo) Inc Statement Currency,Gain on Sale of Business (mil) FY 1 Inc Statement Currency,Gain on Sale of Business (mil) FY Cum (6 Mo) Inc Statement Currency,Gain on Sale of Business (mil) FY Cum (9 Mo) Inc Statement Currency,Gain on Sale of Business (mil) Last FY Qtr Inc Statement Currency,Gain on Sale of PPE (mil) FY (3 Mo) Inc Statement Currency,Gain on Sale of PPE (mil) FY 1 Inc Statement Currency,Gain on Sale of PPE (mil) FY Cum (6 Mo) Inc Statement Currency,Gain on Sale of PPE (mil) FY Cum (9 Mo) Inc Statement Currency,Gain on Sale of PPE (mil) Last FY Qtr Inc Statement Currency,Gain on Sale of Security (mil) FY (3 Mo) Inc Statement Currency,Gain on Sale of Security (mil) FY 1 Inc Statement Currency,Gain on Sale of Security (mil) FY Cum (6 Mo) Inc Statement Currency,Gain on Sale of Security (mil) FY Cum (9 Mo) Inc Statement Currency,Gain on Sale of Security (mil) Last FY Qtr Inc Statement Currency,Goodwill (mil) FY 1 Inc Statement Currency,Goodwill (mil) Last FY Qtr Inc Statement Currency,Intangible Assets (mil) FY 1 Inc Statement Currency,Intangible Assets (mil) Last FY Qtr Inc Statement Currency,Intangibles (mil) FY 1 Inc Statement Currency,Inventory (mil) (FY Qtr End) Inc Statement Currency,Inventory (mil) FY 1 Inc Statement Currency,Inventory (mil) FY 1 Inc Statement Currency,Inventory (mil) Last FY Qtr Inc Statement Currency,Inventory Turnover FY 1,LT Cap Lease Oblig (mil) FY 1 Inc Statement Currency,LT Cap Lease Oblig (mil) Last FY Qtr Inc Statement Currency,LT Debt & Cap Lease Oblig (mil) FY 1 Inc Statement Currency,LT Debt & Cap Lease Oblig (mil) Last FY Qtr Inc Statement Currency,LT Debt (mil) FY 1 Inc Statement Currency,LT Debt (mil) Last FY Qtr Inc Statement Currency,Long Term Debt Iss (mil) FY (3 Mo) Inc Statement Currency,Long Term Debt Iss (mil) FY 1 Inc Statement Currency,Long Term Debt Iss (mil) FY Cum (6 Mo) Inc Statement Currency,Long Term Debt Iss (mil) FY Cum (9 Mo) Inc Statement Currency,Long Term Debt Iss (mil) Last FY Qtr Inc Statement Currency,Long Term Debt Payments (mil) FY (3 Mo) Inc Statement Currency,Long Term Debt Payments (mil) FY 1 Inc Statement Currency,Long Term Debt Payments (mil) FY Cum (6 Mo) Inc Statement Currency,Long Term Debt Payments (mil) FY Cum (9 Mo) Inc Statement Currency,Long Term Debt Payments (mil) Last FY Qtr Inc Statement Currency,Long-term Liabilities Q1 in Mil Inc Statement Currency,Long-term Liabilities Yr 1 in Mil Inc Statement Currency,Net Business Purch & Sale (mil) FY (3 Mo) Inc Statement Currency,Net Business Purch & Sale (mil) FY 1 Inc Statement Currency,Net Business Purch & Sale (mil) FY Cum (6 Mo) Inc Statement Currency,Net Business Purch & Sale (mil) FY Cum (9 Mo) Inc Statement Currency,Net Business Purch & Sale (mil) Last FY Qtr Inc Statement Currency,Net Intangibles Purch & Sale (mil) FY (3 Mo) Inc Statement Currency,Net Intangibles Purch & Sale (mil) FY 1 Inc Statement Currency,Net Intangibles Purch & Sale (mil) FY Cum (6 Mo) Inc Statement Currency,Net Intangibles Purch & Sale (mil) FY Cum (9 Mo) Inc Statement Currency,Net Intangibles Purch & Sale (mil) Last FY Qtr Inc Statement Currency,Net Inv Purch and Sale (mil) FY 1 Inc Statement Currency,Net Inv Purch and Sale (mil) Last FY Qtr Inc Statement Currency,Net Investment Purch and Sale (mil) FY (3 Mo) Inc Statement Currency,Net Investment Purch and Sale (mil) FY Cum (6 Mo) Inc Statement Currency,Net Investment Purch and Sale (mil) FY Cum (9 Mo) Inc Statement Currency,Net Long Term Debt Iss (mil) FY (3 Mo) Inc Statement Currency,Net Long Term Debt Iss (mil) FY 1 Inc Statement Currency,Net Long Term Debt Iss (mil) FY Cum (6 Mo) Inc Statement Currency,Net Long Term Debt Iss (mil) FY Cum (9 Mo) Inc Statement Currency,Net Long Term Debt Iss (mil) Last FY Qtr Inc Statement Currency,Net Short Term Debt Iss (mil) FY (3 Mo) Inc Statement Currency,Net Short Term Debt Iss (mil) FY 1 Inc Statement Currency,Net Short Term Debt Iss (mil) FY Cum (6 Mo) Inc Statement Currency,Net Short Term Debt Iss (mil) FY Cum (9 Mo) Inc Statement Currency,Net Short Term Debt Iss (mil) Last FY Qtr Inc Statement Currency,Noncurrent Assets (mil) (FY Qtr End) Inc Statement Currency,Noncurrent Assets (mil) FY 1 Inc Statement Currency,Non-Current Accrued Liab (mil) FY 1 Inc Statement Currency,Non-Current Accrued Liab (mil) Last FY Qtr Inc Statement Currency,Non-Current Def Tax Assets (mil) FY 1 Inc Statement Currency,Non-Current Def Tax Assets (mil) Last FY Qtr Inc Statement Currency,Non-Current Def Tax Liab (mil) FY 1 Inc Statement Currency,Non-Current Def Tax Liab (mil) Last FY Qtr Inc Statement Currency,Non-Current Note Receivables (mil) FY 1 Inc Statement Currency,Non-Current Note Receivables (mil) Last FY Qtr Inc Statement Currency,Purch of Business (mil) FY (3 Mo) Inc Statement Currency,Purch of Business (mil) FY 1 Inc Statement Currency,Purch of Business (mil) FY Cum (6 Mo) Inc Statement Currency,Purch of Business (mil) FY Cum (9 Mo) Inc Statement Currency,Purch of Business (mil) Last FY Qtr Inc Statement Currency,Purch of Intangibles (mil) FY (3 Mo) Inc Statement Currency,Purch of Intangibles (mil) FY 1 Inc Statement Currency,Purch of Intangibles (mil) FY Cum (6 Mo) Inc Statement Currency,Purch of Intangibles (mil) FY Cum (9 Mo) Inc Statement Currency,Purch of Intangibles (mil) Last FY Qtr Inc Statement Currency,Rsrch & Dev (mil) FY (3 Mo) Inc Statement Currency,Rsrch & Dev (mil) FY 1 Inc Statement Currency,Rsrch & Dev (mil) FY Cum (6 Mo) Inc Statement Currency,Rsrch & Dev (mil) FY Cum (9 Mo) Inc Statement Currency,Rsrch & Dev (mil) Last FY Qtr Inc Statement Currency,Rsrch & Dev (mil) FY (3 Mo) Inc Statement Currency,Rsrch & Dev (mil) FY 1 Inc Statement Currency,Rsrch & Dev (mil) FY Cum (6 Mo) Inc Statement Currency,Rsrch & Dev (mil) FY Cum (9 Mo) Inc Statement Currency,Rsrch & Dev (mil) Last FY Qtr Inc Statement Currency,Rsrch & Dev (mil) FY (3 Mo) Inc Statement Currency,Rsrch & Dev (mil) FY 1 Inc Statement Currency,Rsrch & Dev (mil) FY Cum (6 Mo) Inc Statement Currency,Rsrch & Dev (mil) FY Cum (9 Mo) Inc Statement Currency,Rsrch & Dev (mil) Last FY Qtr Inc Statement Currency
Apple Inc,AAPL,"20,879.00","12,843.00",,,,,,"133,240.00","152,987.00","152,987.00","133,240.00","1,575.00",,"20,879.00","12,843.00","5,546.00","5,546.00",,,"144,365.00","176,392.00","144,365.00","176,392.00",0.92,0.87,0.39,1.26,1.51,1.53,60.09,60.52,55.71,"8,249.00","8,461.00","8,249.00","8,461.00",682.00,895.00,"1,088.00","2,756.00","-1,861.00",,,,,,,,5.15,6.41,2.43,5.67,6.96,5.56,4.96,3.74,3.41,2.80,2.51,6.41,5.67,8.75,,,,,,,,,,,,,,,,"5,717.00","5,889.00","8,015.00","8,038.00",,"6,911.00","7,286.00","7,286.00","6,911.00",30.90,"11,267.00",,"85,750.00","83,956.00","85,750.00","83,956.00","2,210.00",0.00,0.00,0.00,0.00,"-1,009.00","-9,958.00","-3,150.00","-7,400.00","-1,009.00","132,962.00","131,638.00",-9.00,-306.00,-167.00,-169.00,-137.00,-154.00,,,,,"13,690.00","13,335.00","13,335.00","6,734.00","9,146.00","-1,009.00","-9,958.00","-3,150.00","-7,400.00","-1,009.00","-7,944.00","3,960.00","-3,982.00","-2,985.00","-7,944.00","210,845.00","211,993.00",,,"19,499.00","19,499.00",426.00,426.00,,,-9.00,-306.00,-167.00,-169.00,-137.00,-154.00,,,,,"8,268.00","31,370.00","15,599.00","23,605.00","8,268.00","8,268.00","31,370.00","15,599.00","23,605.00","8,268.00","8,268.00","31,370.00","15,599.00","23,605.00","8,268.00"
Airbnb Inc Ordinary Shares - Class A,ABNB,63.00,"2,057.00",207.00,-237.00,-202.00,117.00,207.00,"21,295.00","17,180.00","17,180.00","21,295.00",63.00,61.00,26.76,"1,996.00",,,206.00,253.00,"16,730.00","10,161.00","16,730.00","10,161.00",1.27,1.69,1.71,0.03,0.27,0.27,20.96,21.55,2.73,"1,616.00","2,723.00","1,616.00","2,723.00",,433.00,65.00,304.00,129.00,433.00,,,,,,,3.16,2.49,,2.53,2.88,2.87,3.62,,,,,2.49,2.53,38.95,,,,,,,,,,,,,,,,750.00,750.00,777.00,775.00,777.00,,,,,,236.00,223.00,"2,231.00",223.00,"1,995.00","1,995.00",0.00,0.00,0.00,0.00,0.00,0.00,0.00,0.00,0.00,0.00,389.00,"2,386.00",,0.00,,0.00,0.00,,,,,,-541.00,-143.00,-143.00,-172.00,-370.00,0.00,0.00,0.00,0.00,0.00,,,,,,"3,761.00","3,779.00",,,"2,439.00","2,459.00",,,,,,0.00,,0.00,0.00,,,,,,568.00,"2,056.00",994.00,"1,518.00",568.00,568.00,"2,056.00",994.00,"1,518.00",568.00,568.00,"2,056.00",994.00,"1,518.00",568.00
Adobe Inc,ADBE,"1,574.00",74.00,-12.00,-9.00,-2.00,10.00,-12.00,"10,855.00","11,232.00","11,232.00","10,855.00",75.00,74.00,"1,499.00","1,499.00",0.00,0.00,,,"9,163.00","10,521.00","9,163.00","10,521.00",1.18,1.07,-0.09,0.50,0.32,0.24,24.11,19.52,33.13,"6,131.00","6,347.00","6,131.00","6,347.00",-169.00,-468.00,-238.00,-341.00,-169.00,-468.00,41.00,169.00,84.00,127.00,41.00,169.00,2.29,2.14,1.67,1.80,1.93,1.84,1.83,1.97,2.00,1.72,1.71,2.14,1.80,9.34,,,,,,,,,,,6.00,18.00,22.00,34.00,6.00,"12,788.00","12,777.00","13,570.00","13,483.00","13,570.00",,,,,,353.00,334.00,"4,482.00","6,489.00","4,129.00","6,155.00","1,997.00","1,997.00","1,997.00","1,997.00","1,997.00","-1,500.00",0.00,0.00,0.00,"-1,500.00","7,697.00","5,604.00",0.00,0.00,0.00,0.00,0.00,-6.51,-27.78,-10.80,-12.38,-1.58,332.00,-458.00,-458.00,255.00,265.00,497.00,"1,997.00","1,997.00","1,997.00",497.00,,,,,,"19,100.00","18,998.00",3.21,3.21,"1,657.00","1,820.00",5.00,3.00,,,0.00,0.00,0.00,0.00,0.00,-9.39,-29.92,-13.70,-15.29,-1.59,"1,026.00","3,944.00","1,923.00","2,945.00","1,026.00","1,026.00","3,944.00","1,923.00","2,945.00","1,026.00","1,026.00","3,944.00","1,923.00","2,945.00","1,026.00"
Applied Materials Inc,AMAT,887.00,880.00,,,,,,"20,694.00","21,220.00","21,220.00","20,694.00",87.00,81.00,800.00,799.00,0.00,0.00,,,"7,736.00","8,468.00","7,736.00","8,468.00",2.68,2.51,-1.16,0.31,0.30,0.35,23.14,25.90,23.46,"2,849.00","2,452.00","2,849.00","2,452.00",668.00,-633.00,-206.00,-385.00,668.00,-633.00,,,,,,,1.79,1.81,2.01,1.88,2.19,2.11,2.11,2.32,2.58,2.08,2.02,1.81,1.88,7.86,,,,,,,,,,,,,,,,"3,732.00","3,768.00","3,981.00","4,005.00","3,981.00","5,501.00","5,421.00","5,421.00","5,501.00",2.56,259.00,247.00,"5,719.00","5,708.00","5,460.00","5,461.00",1.00,694.00,0.00,694.00,0.00,0.00,-102.00,-213.00,-312.00,0.00,"6,977.00","6,940.00",-28.00,0.00,0.00,0.00,-28.00,,,,,,"-1,137.00",-488.00,-488.00,-110.00,-473.00,0.00,592.00,-213.00,382.00,0.00,0.00,1.00,200.00,300.00,0.00,"12,644.00","13,189.00",,,"2,393.00","1,719.00",1.00,8.00,,,-28.00,0.00,0.00,0.00,-28.00,,,,,,859.00,"3,233.00","1,539.00","2,375.00",859.00,859.00,"3,233.00","1,539.00","2,375.00",859.00,859.00,"3,233.00","1,539.00","2,375.00",859.00
Advanced Micro Devices Inc,AMD,751.00,750.00,,,,,,"19,049.00","19,049.00","19,049.00","19,049.00",43.00,43.00,751.00,750.00,,,,,"7,281.00","7,281.00","7,281.00","7,281.00",2.62,2.62,-0.72,0.04,0.04,0.04,3.70,3.87,3.70,544.00,544.00,544.00,544.00,-66.00,"-1,163.00",-256.00,-863.00,-300.00,"-1,163.00",392.00,"1,448.00",764.00,"1,116.00",332.00,"1,448.00",1.20,1.20,,1.21,1.23,1.66,1.54,2.13,3.60,5.96,7.98,1.20,1.21,11.10,,,,,,,,,,,,,,,,"24,839.00","24,839.00","43,769.00","43,769.00","43,769.00","5,734.00","5,734.00","5,734.00","5,734.00",2.59,491.00,491.00,"2,212.00","2,212.00","1,721.00","1,721.00",,0.00,0.00,0.00,0.00,0.00,-750.00,-750.00,-750.00,0.00,"4,377.00","4,377.00",0.00,-565.00,0.00,-565.00,0.00,,,,,,198.00,"-1,037.00",10.00,639.00,"1,235.00",0.00,-750.00,-750.00,-750.00,0.00,,0.00,0.00,0.00,0.00,"50,177.00","50,177.00",,,688.00,688.00,349.00,349.00,,,,-565.00,0.00,-565.00,0.00,,,,,,"1,525.00","6,456.00","3,108.00","4,744.00","1,712.00","1,525.00","6,456.00","3,108.00","4,744.00","1,712.00","1,525.00","6,456.00","3,108.00","4,744.00","1,712.00"
APA Corp,APA,171.00,171.00,,,,,,"3,404.00","3,404.00","3,404.00","3,404.00",118.00,118.00,53.00,53.00,769.00,84.00,,,"2,955.00","2,955.00","2,955.00","2,955.00",1.15,1.15,4.38,1.13,1.13,1.95,53.15,66.14,53.15,,,,,-65.00,-736.00,-42.00,-503.00,-233.00,-736.00,,,,,,,3.67,3.67,3.23,5.74,31.08,,,5.56,3.03,2.96,3.61,3.67,5.74,0.86,7.00,289.00,283.00,284.00,5.00,,,,,,-70.00,-283.00,-90.00,-100.00,-183.00,87.00,87.00,87.00,87.00,,425.00,425.00,425.00,425.00,12.38,,,"5,991.00","5,991.00","5,991.00","5,991.00",33.00,"1,500.00","1,500.00","1,500.00",0.00,0.00,"-2,713.00","-2,113.00","-2,613.00",-100.00,"10,073.00","10,073.00",428.00,428.00,428.00,428.00,0.00,,,,,,228.00,428.00,428.00,0.00,0.00,0.00,"-1,213.00",-613.00,"-1,113.00",-100.00,-2.00,-40.00,63.00,190.00,-230.00,"15,986.00","15,986.00",,,"2,703.00","2,703.00",14.00,14.00,,,0.00,0.00,0.00,0.00,0.00,,,,,,,,,,,,,,,,,,,,
ASML Holding NV ADR,ASML,"1,010.30","1,010.30",-11.80,6.40,-1.50,-5.70,-11.80,"27,524.40","30,737.40","30,737.40","27,524.40",,,"1,010.30","1,010.30",0.00,0.00,0.00,0.00,"18,123.90","20,051.40","18,123.90","20,051.40",1.52,1.53,-0.20,0.21,0.20,0.34,16.60,25.61,17.38,"12,570.80","12,570.80","12,570.80","12,570.80",79.10,-144.80,-1.90,-116.50,79.10,-144.80,,,,,,,2.60,2.63,1.58,2.97,4.12,2.98,1.97,1.80,1.73,1.69,1.75,2.63,2.97,4.34,,,,,,,,,,,,,,,,"4,588.60","4,588.60","5,209.90","5,180.20","5,209.90","11,024.70","10,891.50","10,891.50","11,024.70",1.40,,,"3,677.30","3,681.00","3,677.30","3,681.00",0.40,22.50,0.00,0.00,0.40,-0.60,-25.70,-0.90,-1.60,-24.10,"9,854.20","10,061.40",0.00,0.00,0.00,0.00,0.00,-1.50,-15.90,-13.50,-14.40,-1.50,0.00,0.00,0.00,-200.10,0.00,0.40,-3.20,-0.90,-1.60,0.40,,,,,,"17,954.40","17,852.20",459.50,436.70,"1,940.70","1,861.00",299.20,335.90,"1,456.60","1,443.40",0.00,0.00,-10.50,0.00,0.00,-1.50,-15.90,-13.50,-14.40,-1.50,"1,161.10","4,303.70","2,132.50","3,187.70","1,161.10","1,161.10","4,303.70","2,132.50","3,187.70","1,161.10","1,161.10","4,303.70","2,132.50","3,187.70","1,161.10"
Broadcom Inc,AVGO,"1,271.00","5,653.00",,,,,,"20,990.00","19,595.00","19,595.00","20,990.00",26.00,11.00,"1,245.00","5,642.00",32.00,234.00,123.00,60.00,"20,910.00","16,697.00","20,910.00","16,697.00",1.00,1.17,2.53,0.87,0.98,1.57,49.48,61.06,46.61,"9,395.00","9,908.00","9,395.00","9,908.00",-696.00,"1,965.00",-805.00,"2,833.00",-696.00,"1,965.00",511.00,"3,244.00","1,619.00","2,431.00",511.00,"3,244.00",2.37,2.45,2.23,3.04,3.23,3.03,3.18,2.71,1.88,2.68,2.64,2.45,3.04,22.06,,,,,,,,,,,,-12.00,,,,"97,873.00","97,871.00","138,456.00","136,454.00","138,456.00","1,908.00","1,760.00","1,760.00","1,908.00",10.42,13.00,11.00,"66,295.00","60,926.00","66,282.00","60,915.00","2,986.00","39,954.00","30,010.00","34,985.00","2,986.00","-8,090.00","-19,608.00","-2,934.00","-12,136.00","-8,090.00","74,659.00","81,270.00",0.00,"-22,493.00","-25,976.00","-22,493.00",0.00,,,,,,-19.00,-87.00,-87.00,59.00,-9.00,"-5,104.00","20,346.00","27,076.00","22,849.00","-5,104.00","3,980.00",,,,"3,980.00","144,368.00","146,050.00",,,,,"4,703.00","4,017.00",,,0.00,"-25,978.00","-25,976.00","-25,978.00",0.00,,,,,,"2,253.00","9,310.00","4,723.00","7,076.00","2,253.00","2,253.00","9,310.00","4,723.00","7,076.00","2,253.00","2,253.00","9,310.00","4,723.00","7,076.00","2,253.00"
ConocoPhillips,COP,"1,035.00","1,035.00",-73.00,-133.00,-69.00,-28.00,-105.00,"15,647.00","15,647.00","15,647.00","15,647.00",292.00,292.00,743.00,743.00,,,,,"12,124.00","12,124.00","12,124.00","12,124.00",1.29,1.29,1.72,0.36,0.36,0.36,26.44,26.60,26.44,,,,,87.00,367.00,211.00,249.00,118.00,367.00,,,,,,,1.89,1.89,2.45,1.95,1.95,2.00,2.10,2.02,2.19,2.40,2.57,1.89,1.95,0.67,,,,,,93.00,51.00,88.00,86.00,-35.00,18.00,50.00,9.00,37.00,13.00,,,,,,"1,809.00","1,809.00","1,809.00","1,809.00",23.92,648.00,648.00,"23,289.00","23,289.00","22,641.00","22,641.00",0.00,"5,591.00",0.00,0.00,"5,591.00",-505.00,"-4,981.00",-563.00,-607.00,"-4,374.00","45,860.00","45,860.00",49.00,-24.00,49.00,49.00,-73.00,,,,,,415.00,"1,014.00",405.00,-794.00,-599.00,-505.00,610.00,-563.00,-607.00,"1,217.00",,,,,,"107,133.00","107,133.00",,,,,"11,426.00","11,426.00",0.00,0.00,,-24.00,,,,,,,,,,,,,,,,,,,,,,,
Crocs Inc,CROX,68.55,68.55,-1.58,-6.51,-2.75,0.43,-6.94,872.27,872.27,872.27,872.27,68.55,68.55,23.33,23.33,4.19,3.86,11.87,11.68,740.21,740.21,740.21,740.21,1.18,1.18,-1.76,0.89,0.89,1.31,47.07,56.79,47.07,3.74,10.10,3.74,10.10,,-254.45,0.00,0.00,-4.76,-254.45,,46.77,,,,46.77,2.62,2.62,2.47,3.19,5.50,109.72,3.85,5.60,3.12,2.93,2.57,2.62,3.19,7.62,,,,,,,,,,,-2.27,-6.78,-3.60,-3.93,-2.85,711.49,711.49,"2,488.57","2,488.57","2,488.57",356.25,356.25,356.25,356.25,4.56,283.41,283.41,"1,632.75","1,632.75","1,349.34","1,349.34",78.16,102.16,78.16,78.16,24.00,-16.41,-425.41,-216.41,-326.41,-99.00,"2,236.21","2,236.21",0.00,0.00,0.00,0.00,0.00,,,,,,,,,,,61.75,-323.25,-138.25,-248.25,-75.00,,,,,,"3,939.88","3,939.88",0.23,0.23,872.35,872.35,4.09,4.09,,,0.00,0.00,0.00,0.00,0.00,,,,,,,,,,,,,,,,,,,,
CSX Corp,CSX,606.00,605.00,,,,,,"3,020.00","2,820.00","2,820.00","3,020.00",,25.00,606.00,605.00,126.00,132.00,,,"3,421.00","3,276.00","3,421.00","3,276.00",0.88,0.86,0.14,1.56,1.47,1.54,59.52,60.65,60.97,,,,,13.00,12.00,14.00,19.00,13.00,12.00,,,,,,,3.55,3.42,2.98,3.52,3.32,3.00,3.04,3.23,2.92,2.43,3.03,3.42,3.52,0.41,,,,,,,11.00,9.00,8.00,,,,,,,239.00,239.00,433.00,430.00,433.00,438.00,414.00,414.00,438.00,21.54,486.00,489.00,"18,383.00","19,010.00","17,897.00","18,521.00",600.00,550.00,0.00,550.00,600.00,-2.00,-558.00,-4.00,-556.00,-2.00,"27,603.00","26,981.00",0.00,-70.00,-50.00,-68.00,0.00,,,,,,25.00,67.00,67.00,81.00,81.00,598.00,-8.00,-4.00,-6.00,598.00,,,,,,"40,179.00","39,944.00",,250.00,,,"7,725.00","7,739.00",,,0.00,-70.00,-50.00,-68.00,0.00,,,,,,,,,,,,,,,,,,,,
Chevron Corp,CVX,"4,406.00","4,406.00",-72.00,-97.00,-95.00,-12.00,-85.00,"40,911.00","40,911.00","40,911.00","40,911.00",58.00,58.00,"4,348.00","4,348.00",,,,,"38,558.00","38,558.00","38,558.00","38,558.00",1.06,1.06,0.15,0.13,0.13,0.13,11.68,11.20,11.68,,,,,688.00,"1,240.00","1,142.00","1,545.00",-305.00,"1,240.00",,,,,,,1.69,1.69,1.73,1.63,1.62,1.72,1.82,1.65,1.64,1.71,1.79,1.69,1.63,1.28,,,,,,,,,,,,,,,,"4,578.00","4,578.00","4,578.00","4,578.00","4,578.00","9,074.00","9,074.00","9,074.00","9,074.00",15.43,546.00,546.00,"20,135.00","20,135.00","19,589.00","19,589.00",203.00,478.00,303.00,403.00,75.00,"-1,012.00","-1,778.00","-1,050.00","-1,062.00",-716.00,"65,223.00","65,223.00",52.00,195.00,115.00,123.00,72.00,,,,,,41.00,0.00,45.00,45.00,41.00,-809.00,"-1,300.00",-747.00,-659.00,-641.00,"1,836.00","4,868.00","3,119.00","5,615.00",-747.00,"216,027.00","216,027.00",,,,,"19,137.00","19,137.00",,,,0.00,0.00,"-2,862.00",0.00,,,,,,,,,,,,,,,,,,,,
Devon Energy Corp,DVN,485.00,485.00,-2.00,-3.00,-3.00,-2.00,-1.00,"3,427.00","3,427.00","3,427.00","3,427.00",,,485.00,485.00,,,730.00,261.00,"3,309.00","3,309.00","3,309.00","3,309.00",1.04,1.04,2.47,0.60,0.60,0.49,37.55,33.10,37.55,730.00,261.00,,,40.00,311.00,79.00,243.00,68.00,311.00,,,,,,,2.10,2.10,4.18,2.03,2.12,2.27,3.44,2.36,2.13,3.27,3.47,2.10,2.03,0.71,,,,,,-1.00,-11.00,-16.00,-16.00,5.00,,,,,,753.00,753.00,753.00,753.00,753.00,294.00,294.00,294.00,294.00,41.36,320.00,320.00,"8,718.00","8,718.00","8,398.00","8,398.00",801.00,"3,219.00",,"3,219.00",0.00,0.00,-472.00,0.00,-472.00,0.00,"12,476.00","12,476.00",-22.00,147.00,-43.00,147.00,0.00,,,,,,-118.00,-40.00,-47.00,-48.00,-78.00,0.00,"2,747.00",0.00,"2,747.00",0.00,,0.00,,,,"27,062.00","27,062.00",,,,,"2,148.00","2,148.00",,,-22.00,-25.00,-43.00,,-21.00,,,,,,,,,,,,,,,,,,,,
Emerson Electric Co,EMR,532.00,"1,066.00",-98.00,20.00,-15.00,-20.00,-98.00,"9,194.00","10,192.00","10,192.00","9,194.00",,153.00,532.00,"1,066.00",,,,,"5,958.00","5,742.00","5,958.00","5,742.00",1.54,1.78,0.67,0.32,0.35,0.39,26.16,27.92,24.24,402.00,"1,088.00",402.00,"1,088.00",,0.00,,,,,229.00,"1,077.00",547.00,811.00,229.00,"1,077.00",2.08,2.05,2.73,2.07,3.44,2.50,2.72,2.49,2.28,2.25,2.87,2.05,2.07,6.77,,0.00,-39.00,-318.00,,,,,,,-1.00,-105.00,-51.00,-60.00,-1.00,"18,067.00","17,906.00","28,503.00","27,931.00","28,503.00","2,200.00","2,180.00","2,180.00","2,200.00",4.11,511.00,511.00,"7,666.00","6,557.00","7,155.00","6,557.00",0.00,0.00,0.00,0.00,0.00,-2.00,-547.00,-1.00,-547.00,-2.00,"10,273.00","10,995.00",-37.00,"-8,342.00","-8,263.00","-8,263.00",-37.00,,,,,,79.00,,,,,-2.00,-547.00,-1.00,-547.00,-2.00,2.00,-20.00,"2,563.00","2,451.00",2.00,"33,416.00","34,054.00",,,,63.00,"2,138.00","2,138.00","3,255.00","3,255.00",-37.00,"-8,342.00","-8,342.00","-8,342.00",-37.00,,,,,,,,,,,,,,,,,,,,
EOG Resources Inc,EOG,847.00,"1,598.00",0.00,-1.00,0.00,0.00,0.00,"10,680.00","11,230.00","11,230.00","10,680.00",347.00,318.00,500.00,"1,280.00",169.39,169.39,110.74,0.00,"5,719.00","5,354.00","5,719.00","5,354.00",1.87,2.10,1.22,0.12,0.14,0.13,12.57,11.82,10.50,110.74,0.00,,,44.00,467.00,327.00,547.00,44.00,467.00,,,,,,,1.59,1.61,2.08,1.56,1.67,1.72,1.76,1.72,1.75,1.83,2.10,1.61,1.56,0.70,,,,,,-1.00,16.00,46.00,39.00,-1.00,-191.00,204.00,190.00,269.00,-191.00,,,,,,897.00,985.00,985.00,897.00,5.03,118.00,118.00,"4,220.00","3,464.00","4,102.00","3,464.00",,985.00,0.00,0.00,0.00,-8.00,-33.00,-17.00,-25.00,-8.00,"11,747.00","12,481.00",,0.00,,,,,,,,,,,,,,-8.00,952.00,-17.00,-25.00,-8.00,,,,,,"36,302.00","35,956.00",,,39.00,44.00,"5,866.00","5,915.00",,,,,,,,,,,,,,,,,,,,,,,,,,,
Eaton Corp PLC,ETN,674.00,674.00,13.00,-52.00,-20.00,-52.00,0.00,"11,801.00","11,801.00","11,801.00","11,801.00",,,674.00,674.00,593.00,550.00,,,"7,857.00","7,857.00","7,857.00","7,857.00",1.50,1.50,2.48,0.49,0.49,0.46,33.10,31.56,33.10,,,,,32.00,-154.00,9.00,-88.00,-66.00,-154.00,,,,,,,2.08,2.08,2.04,2.02,2.06,2.07,2.13,2.04,1.93,1.89,2.04,2.08,2.02,5.71,,0.00,,,,,,,,,,,,,,"14,713.00","14,713.00","19,370.00","19,370.00","19,370.00","4,227.00","4,227.00","4,227.00","4,227.00",3.86,669.00,669.00,"9,147.00","9,147.00","8,478.00","8,478.00",0.00,"1,084.00","1,084.00","1,084.00",0.00,-4.00,"-1,015.00",-399.00,"-1,011.00",-4.00,"11,993.00","11,993.00",0.00,-87.00,-86.00,-85.00,-2.00,,,,,,572.00,-9.00,161.00,-125.00,581.00,-4.00,69.00,685.00,73.00,-4.00,-7.00,-8.00,-4.00,-6.00,-2.00,"26,580.00","26,580.00",,,609.00,609.00,275.00,275.00,,,0.00,-120.00,-119.00,-118.00,-2.00,,,,,,189.00,794.00,385.00,593.00,201.00,189.00,794.00,385.00,593.00,201.00,189.00,794.00,385.00,593.00,201.00
Diamondback Energy Inc,FANG,"1,254.00","1,254.00",,,,,,"2,110.00","2,110.00","2,110.00","2,110.00",354.00,354.00,10.00,"1,000.00",0.00,0.00,39.95,3.00,"4,811.00","4,811.00","4,811.00","4,811.00",0.44,0.44,2.14,0.32,0.32,0.40,24.24,28.54,24.24,39.95,3.00,,,52.00,15.00,129.00,180.00,-165.00,15.00,,,,,,,1.78,1.78,1.47,1.74,1.75,1.89,2.00,1.78,1.58,1.48,1.45,1.78,1.74,0.24,,,,,,,,,,,-46.00,158.00,-13.00,124.00,34.00,,,,,,116.00,116.00,116.00,116.00,67.61,,,"12,075.00","12,075.00","12,075.00","12,075.00",90.00,"9,875.00","5,500.00","6,500.00","3,375.00",-105.00,"-3,502.00",-25.00,-25.00,"-3,477.00","22,619.00","22,619.00",-29.00,-114.00,-393.00,-7.00,-29.00,,,,,,,,,,,-15.00,"6,373.00","5,475.00","6,475.00",-102.00,707.00,111.00,-86.00,-148.00,-62.00,"65,182.00","65,182.00",,,173.00,173.00,"9,826.00","9,826.00",,,-29.00,-114.00,-416.00,-7.00,-29.00,,,,,,,,,,,,,,,,,,,,
Freeport-McMoRan Inc,FCX,139.00,139.00,,,,,,"13,296.00","13,296.00","13,296.00","13,296.00",98.00,98.00,41.00,41.00,,,8.00,,"5,496.00","5,496.00","5,496.00","5,496.00",2.42,2.42,1.05,0.55,0.55,0.54,35.32,35.04,35.32,91.00,91.00,91.00,91.00,46.00,-76.00,37.00,36.00,-112.00,-76.00,,,,,,,3.12,3.12,5.95,3.15,3.28,3.44,4.14,4.39,4.31,4.68,6.17,3.12,3.15,0.69,,,,,,,0.00,,,,,,,,,0.00,0.00,428.00,428.00,428.00,"6,808.00","6,808.00","6,808.00","6,808.00",2.77,692.00,692.00,"9,599.00","9,599.00","8,907.00","8,907.00",613.00,"2,251.00","1,281.00","1,948.00",303.00,-612.00,"-2,772.00","-1,281.00","-1,699.00","-1,073.00","20,574.00","20,574.00",,-210.00,0.00,-210.00,0.00,-8.00,,-7.00,-10.00,-3.00,,,,,,1.00,-521.00,0.00,249.00,-770.00,,,,,,"41,552.00","41,552.00",0.00,,2.00,,"4,512.00","4,512.00",0.00,0.00,,-210.00,0.00,-210.00,0.00,-8.00,,-7.00,-10.00,-3.00,,,,,,,,,,,,,,,
Corning Inc,GLW,421.00,421.00,-18.00,-42.00,-27.00,-1.00,-41.00,"7,992.00","7,992.00","7,992.00","7,992.00",95.00,95.00,326.00,326.00,248.00,315.00,,,"4,919.00","4,919.00","4,919.00","4,919.00",1.62,1.62,0.90,0.72,0.72,0.70,41.78,41.08,41.78,317.00,317.00,317.00,317.00,10.00,-33.00,1.00,-51.00,18.00,-33.00,30.00,121.00,60.00,91.00,30.00,121.00,2.60,2.60,1.73,2.47,2.46,2.45,2.81,2.72,2.39,2.05,1.79,2.60,2.47,0.88,,,,,,,,,,,39.00,83.00,66.00,-91.00,174.00,"2,363.00","2,363.00","3,115.00","3,115.00","3,115.00","2,724.00","2,724.00","2,724.00","2,724.00",3.28,785.00,785.00,"7,670.00","7,670.00","6,885.00","6,885.00",200.00,153.00,938.00,153.00,0.00,-37.00,-267.00,-42.00,-716.00,-5.00,"11,746.00","11,746.00",74.00,-17.00,68.00,67.00,-29.00,,,,,,181.00,-58.00,94.00,168.00,239.00,-37.00,-114.00,-42.00,153.00,-267.00,-69.00,-17.00,-73.00,-254.00,-77.00,"19,743.00","19,743.00",369.00,369.00,"1,130.00","1,130.00",137.00,137.00,,,,-842.00,-794.00,-804.00,-38.00,,,,,,258.00,"1,089.00",520.00,814.00,275.00,258.00,"1,089.00",520.00,814.00,275.00,258.00,"1,089.00",520.00,814.00,275.00
Hess Corp,HES,369.00,369.00,,,,,,"3,173.00","3,173.00","3,173.00","3,173.00",346.00,346.00,23.00,23.00,,,,,"2,826.00","2,826.00","2,826.00","2,826.00",1.12,1.12,0.57,0.81,0.81,0.99,44.77,49.81,44.77,,,,,63.00,267.00,114.00,197.00,70.00,267.00,,,,,,,2.37,2.37,1.76,2.67,2.76,3.26,3.51,2.49,2.23,2.09,1.97,2.37,2.67,0.66,,,,,,,1.00,,1.00,0.00,,,,,,360.00,360.00,360.00,360.00,360.00,419.00,419.00,419.00,419.00,7.53,536.00,536.00,"9,091.00","9,091.00","8,555.00","8,555.00",0.00,600.00,600.00,600.00,0.00,-6.00,-324.00,-10.00,-316.00,-8.00,"11,722.00","11,722.00",,,,,,,,,,,0.00,0.00,0.00,0.00,0.00,-6.00,276.00,590.00,284.00,-8.00,115.00,-325.00,-340.00,-310.00,-15.00,"23,378.00","23,378.00",,,579.00,579.00,784.00,784.00,,,,,,,,,,,,,,,,,,,,,,,,,,,
Honeywell International Inc,HON,"5,819.00","7,088.00",44.00,-137.00,-61.00,47.00,44.00,"27,645.00","27,908.00","27,908.00","27,645.00",199.00,199.00,"5,620.00","7,088.00",0.00,0.00,,,"22,071.00","21,256.00","22,071.00","21,256.00",1.25,1.31,0.11,1.47,1.42,1.10,58.65,52.41,59.58,"3,506.00","3,506.00","3,506.00","3,506.00",-19.00,-233.00,-36.00,-46.00,-19.00,-233.00,,,,,,,4.31,4.04,2.70,3.88,3.73,3.47,3.68,3.17,3.18,3.60,2.80,4.04,3.88,6.50,-48.00,-1.00,,,-48.00,,,,,,-4.00,-56.00,-31.00,-27.00,-4.00,"21,825.00","22,021.00","28,481.00","28,558.00","28,481.00","6,611.00","6,442.00","6,442.00","6,611.00",3.78,927.00,927.00,"26,406.00","25,744.00","25,479.00","25,744.00",46.00,"10,408.00","5,710.00","10,407.00",46.00,-44.00,"-1,812.00",-605.00,"-1,381.00",-44.00,"35,116.00","34,779.00",-5.00,"-8,880.00","-4,913.00","-7,047.00",-5.00,,,,,,-113.00,-138.00,-138.00,0.00,-384.00,2.00,"8,596.00","5,105.00","9,026.00",2.00,"1,442.00","2,260.00","2,504.00","1,039.00","1,442.00","47,573.00","47,288.00",38.00,38.00,238.00,229.00,"1,787.00","1,750.00",,,-5.00,"-8,880.00","-4,913.00","-7,047.00",-5.00,,,,,,439.00,"1,536.00",742.00,"1,110.00",439.00,439.00,"1,536.00",742.00,"1,110.00",439.00,439.00,"1,536.00",742.00,"1,110.00",439.00
Hexcel Corp,HXL,0.10,0.10,1.30,-2.80,-1.20,0.10,1.30,822.50,781.50,781.50,822.50,0.10,0.10,8.90,8.90,,,,,317.50,353.50,317.50,353.50,2.59,2.21,0.12,0.51,0.46,0.41,31.44,28.95,33.93,,,,,2.70,-16.70,-3.00,-4.40,2.70,-16.70,,,,,,,1.81,1.78,1.85,1.70,1.83,1.90,1.93,2.16,2.14,1.86,1.93,1.78,1.70,1.16,,,,,,,,,,,,,,,,190.50,186.50,237.00,240.20,237.00,381.50,356.20,356.20,381.50,4.15,1.90,1.90,700.60,787.10,698.70,785.20,390.00,160.30,95.00,160.00,390.00,-4.20,-160.00,0.00,-55.10,-4.20,929.10,844.20,-158.40,0.00,0.00,0.00,0.00,,,,,,0.00,0.00,,0.00,0.00,385.80,0.30,95.10,104.90,385.80,-300.00,-103.00,0.00,-49.00,-300.00,"1,956.70","1,944.10",,,10.30,,81.20,84.10,,,-158.40,0.00,0.00,0.00,0.00,,,,,,13.80,57.10,29.80,43.60,13.80,13.80,57.10,29.80,43.60,13.80,13.80,57.10,29.80,43.60,13.80
Jacobs Solutions Inc,J,995.75,932.84,-58.18,41.64,17.63,12.22,-58.18,"4,946.96","4,895.58","4,895.58","4,946.96",119.99,114.29,875.76,818.55,160.30,139.72,,,"3,943.10","4,079.74","3,943.10","4,079.74",1.25,1.20,0.40,0.50,0.39,0.50,27.85,33.38,33.32,967.09,"1,013.08",967.09,"1,013.08",20.25,-224.94,-73.97,-116.10,20.25,-224.94,,,,,,,2.76,2.58,1.81,2.23,2.42,2.46,2.12,2.01,2.16,1.67,1.73,2.58,2.23,18.79,,,,,,,,,,,,,,,,"4,788.18","4,683.36","5,663.08","5,478.64","5,663.08",,,,,,407.83,383.97,"1,756.42","2,101.24","1,348.59","1,717.27",589.00,"4,606.70","1,716.58","2,224.58",589.00,-221.00,"-3,370.36","-1,621.39","-2,194.42",-221.00,"2,646.20","2,291.78",1.27,-12.26,-12.34,-12.34,0.08,-0.24,0.00,,,,0.00,0.00,-0.37,0.00,0.00,368.00,"1,236.34",95.19,30.15,368.00,-5.35,-861.42,-9.66,-30.78,-5.35,"6,663.89","6,863.43",,,195.41,207.98,116.66,142.97,1.27,1.27,0.00,-14.00,-14.00,-14.00,0.00,-0.24,0.00,,,,,,,,,,,,,,,,,,
Nordstrom Inc,JWN,244.00,244.00,0.00,0.00,0.00,0.00,0.00,"3,689.00","3,689.00","3,689.00","3,689.00",244.00,244.00,250.00,250.00,256.00,0.00,,,"3,088.00","3,088.00","3,088.00","3,088.00",1.19,1.19,-0.33,3.54,3.54,4.70,77.99,82.47,77.99,,,,,-5.00,-100.00,-27.00,-72.00,-28.00,-100.00,,,,,,,7.86,,9.03,7.86,9.96,11.83,15.27,31.27,9.95,9.03,8.31,7.86,9.96,3.34,0.00,0.00,0.00,0.00,0.00,,,,,,,,,,,249.00,249.00,249.00,249.00,249.00,"2,104.00","2,104.00","2,104.00","2,104.00",4.71,"1,421.00","1,421.00","4,039.00","4,039.00","2,618.00","2,618.00",0.00,0.00,0.00,0.00,0.00,-250.00,-250.00,-250.00,-250.00,0.00,"4,738.00","4,738.00",0.00,0.00,0.00,0.00,0.00,,,,,,,,,,,-250.00,-250.00,-250.00,-250.00,0.00,0.00,0.00,0.00,0.00,0.00,"5,277.00","5,277.00",,,,,,,,,0.00,0.00,0.00,0.00,0.00,,,,,,,,,,,,,,,,,,,,
The Kraft Heinz Co,KHC,654.00,678.00,35.00,-71.00,-18.00,-17.00,35.00,"9,458.00","7,655.00","7,655.00","9,458.00",,,654.00,678.00,384.00,382.00,,,"7,235.00","7,253.00","7,235.00","7,253.00",1.31,1.06,-2.06,0.42,0.39,0.39,28.09,28.14,29.73,,,,,51.00,"-2,857.00",-48.00,-277.00,51.00,"-2,857.00",,,,,,,1.83,1.80,2.13,1.82,1.86,1.89,1.99,1.97,2.00,1.82,2.10,1.80,1.82,3.62,0.00,-81.00,-79.00,-78.00,0.00,,,,,,-5.00,-24.00,-13.00,-18.00,-5.00,"28,673.00","28,753.00","68,772.00","68,900.00","68,772.00","3,591.00","3,376.00","3,376.00","3,591.00",4.83,,,"19,215.00","20,925.00","19,215.00","20,925.00","1,620.00",594.00,593.00,594.00,"1,620.00",-1.00,-618.00,-606.00,-607.00,-11.00,"33,434.00","31,709.00",9.00,8.00,3.00,5.00,9.00,,-140.00,-140.00,-140.00,0.00,75.00,-673.00,-673.00,,,"1,620.00",-24.00,-13.00,-13.00,"1,620.00",0.00,0.00,0.00,0.00,0.00,"80,816.00","80,632.00",,"2,380.00",,,"9,679.00","9,716.00",,,-3.00,0.00,0.00,0.00,-3.00,,-140.00,-140.00,-140.00,0.00,,,,,,,,,,,,,,,
KLA Corp,KLAC,786.33,43.47,13.58,-6.31,-5.60,-3.01,2.59,"9,945.02","10,031.14","10,031.14","9,945.02",36.39,43.47,749.94,749.98,0.00,0.00,,,"3,909.93","4,660.77","3,909.93","4,660.77",2.54,2.15,-3.75,1.51,1.79,2.06,64.17,67.37,60.15,"2,436.76","2,229.24","2,133.68","1,906.54",-81.68,-155.23,-150.66,-186.10,-35.44,-155.23,,,,,,,3.79,4.58,11.45,4.82,8.99,3.04,3.48,3.39,3.48,4.17,7.20,4.58,4.82,7.60,,,,,,,,,,,,7.17,,,,"2,015.73","1,787.53","2,684.49","2,283.10","2,684.49","3,155.78","3,034.78","3,034.78","3,155.78",1.33,153.12,162.38,"6,033.32","6,045.71","5,880.20","5,883.32",300.00,735.04,0.00,0.00,0.00,0.00,0.00,-750.00,-750.00,0.00,"7,273.64","7,404.46",0.00,-3.68,0.00,0.00,0.00,,,,-2.85,,"-1,201.00",-235.13,-110.65,595.22,360.09,0.00,735.04,-750.00,-750.00,0.00,0.00,0.00,300.00,600.00,0.00,"5,243.29","5,402.42",,,915.24,"1,023.29",486.69,405.91,,,0.00,-3.68,0.00,0.00,0.00,,,,-2.85,,323.15,"1,278.98",669.30,"1,007.35",338.04,323.15,"1,278.98",669.30,"1,007.35",338.04,323.15,"1,278.98",669.30,"1,007.35",338.04
Lam Research Corp,LRCX,504.81,754.31,22.68,-22.37,-3.34,-0.96,2.38,"13,460.32","12,883.22","12,883.22","13,460.32",3.50,3.50,501.32,754.31,,,,,"5,489.85","4,338.44","5,489.85","4,338.44",2.45,2.97,0.08,0.39,0.52,0.61,34.40,37.86,28.17,"1,417.78","1,882.34","1,417.78","1,882.34",-108.72,-198.98,-191.58,-211.57,-19.99,-198.98,,,,,,,2.10,2.20,1.75,2.29,2.74,2.64,2.81,2.54,1.90,1.74,2.01,2.20,2.29,7.43,,,,,,,,,,,-9.69,-4.84,-14.80,-19.51,-4.70,"1,626.53","1,600.00","1,765.07","1,795.25","1,765.07","4,463.28","4,217.92","4,217.92","4,463.28",1.74,12.48,12.48,"4,478.52","3,730.03","4,466.05","3,730.03",,0.00,0.00,0.00,"1,974.65",-0.93,-256.10,-1.97,-506.00,-504.04,"4,967.36","5,866.84",0.00,0.00,0.00,0.00,0.00,,,,,,37.77,0.00,0.00,0.00,0.00,-0.93,-256.10,-1.97,-506.00,-504.04,0.00,0.00,0.00,0.00,0.00,"6,507.99","5,861.51",,,,,,,,,,0.00,0.00,0.00,0.00,,,,,,495.36,"1,902.44",990.31,"1,516.21",525.90,495.36,"1,902.44",990.31,"1,516.21",525.90,495.36,"1,902.44",990.31,"1,516.21",525.90
Lululemon Athletica Inc,LULU,275.15,275.15,-10.66,-81.67,-21.36,-23.15,-58.52,"3,980.30","3,980.30","3,980.30","3,980.30",275.15,275.15,,100.00,,,,,"1,839.63","1,839.63","1,839.63","1,839.63",2.16,2.16,-0.80,0.30,0.30,0.27,23.12,21.43,23.12,308.35,308.35,308.35,308.35,0.40,57.45,2.46,2.38,14.40,57.45,0.00,2.74,0.00,1.12,1.62,2.74,1.76,,1.22,1.76,1.68,1.78,1.80,1.64,1.68,1.44,1.25,1.76,1.68,3.52,,,,,,,0.00,,,,,,,,,159.52,159.52,171.19,171.19,171.19,"1,442.08","1,442.08","1,442.08","1,442.08",3.12,"1,300.64","1,300.64","1,300.64","1,300.64",,,,,,,,,,,,,"1,439.62","1,439.62",,-154.15,0.00,-131.00,-23.15,,,,,,50.21,35.17,-0.86,14.15,15.04,,,,,,,,0.00,,,"3,622.99","3,622.99",,,17.09,17.09,98.19,98.19,,,,-154.15,0.00,-131.00,-23.15,,,,,,,,,,,,,,,,,,,,
3M Co,MMM,"2,082.00","1,345.00",7.00,-44.00,-45.00,-2.00,7.00,"15,657.00","15,884.00","15,884.00","15,657.00",163.00,176.00,"1,919.00","1,169.00",444.00,444.00,277.00,34.00,"9,451.00","11,256.00","9,451.00","11,256.00",1.66,1.41,-0.73,2.85,3.01,2.83,75.08,73.90,74.03,15.00,15.00,15.00,15.00,150.00,321.00,115.00,293.00,150.00,321.00,,,,,,,8.95,10.38,2.88,10.52,3.16,3.13,3.68,4.44,3.73,3.29,3.20,10.38,10.52,3.02,,0.00,,0.00,,,,,,,343.00,"1,564.00","1,113.00","1,694.00",343.00,"6,281.00","6,337.00","7,491.00","7,522.00","7,491.00","3,869.00","3,698.00","3,698.00","3,869.00",3.78,452.00,415.00,"11,577.00","12,722.00","11,125.00","12,307.00","1,099.00","8,367.00","8,367.00","8,367.00","1,099.00",-750.00,"-2,656.00","-2,653.00","-2,653.00",-750.00,"25,977.00","24,718.00",0.00,0.00,3.00,0.00,0.00,,,,,,"-2,079.00","1,441.00","1,441.00",-236.00,"-1,198.00",349.00,"5,711.00","5,714.00","5,714.00",349.00,0.00,-205.00,-205.00,-205.00,0.00,"24,294.00","23,984.00",,,"4,146.00","4,146.00",354.00,354.00,,,0.00,0.00,0.00,0.00,0.00,,,,,,285.00,"1,085.00",534.00,803.00,285.00,285.00,"1,085.00",534.00,803.00,285.00,285.00,"1,085.00",534.00,803.00,285.00
The Mosaic Co,MOS,936.30,936.30,-3.80,37.90,-10.00,44.50,-6.60,"4,498.30","4,498.30","4,498.30","4,498.30",43.90,43.90,892.40,892.40,148.70,175.00,3.70,0.00,"4,171.30","4,171.30","4,171.30","4,171.30",1.08,1.08,0.23,0.31,0.31,0.28,23.43,21.67,23.43,270.70,270.70,270.70,270.70,-75.30,-142.90,39.80,36.20,-179.10,-142.90,,,,,,,2.00,2.00,1.82,1.87,1.94,2.08,2.07,2.10,1.94,1.94,1.76,2.00,1.87,0.81,,,,,,,,,,,-100.30,-685.80,-368.20,-267.30,-418.50,"1,061.10","1,061.10","1,061.10","1,061.10","1,061.10","2,548.40","2,548.40","2,548.40","2,548.40",3.79,181.20,181.20,"3,513.50","3,513.50","3,332.30","3,332.30",0.00,70.30,0.00,0.00,0.00,-15.40,-67.20,-42.50,-55.20,-12.00,"7,138.00","7,138.00",0.00,0.00,0.00,0.00,0.00,,,,,,-2.40,1.70,1.70,0.00,-2.40,-15.40,3.10,-42.50,-55.20,58.30,304.20,253.20,-18.80,151.50,101.70,"18,425.70","18,425.70",,,958.30,958.30,942.80,942.80,,,0.00,0.00,0.00,0.00,0.00,,,,,,,,,,,,,,,,,,,,
Moderna Inc,MRNA,37.00,43.00,,,,,,"6,766.00","8,099.00","8,099.00","6,766.00",37.00,43.00,,,,,,,"1,604.00","2,206.00","1,604.00","2,206.00",4.22,3.67,-5.29,0.07,0.07,0.09,6.11,8.08,6.52,153.00,125.00,153.00,125.00,0.00,828.00,0.00,0.00,0.00,,,,,,,,1.26,1.30,,1.33,1.35,1.74,2.86,1.35,1.28,,,1.30,1.33,1.14,,,,,,,,,,,-7.00,-56.00,-38.00,-47.00,-7.00,52.00,52.00,92.00,101.00,92.00,128.00,117.00,117.00,128.00,9.18,710.00,702.00,710.00,702.00,,,0.24,0.00,0.05,0.04,-0.04,-31.00,-140.00,-77.00,-96.00,-46.00,"1,034.00","1,035.00",0.00,0.00,0.00,0.00,0.00,-10.00,,,,-10.00,"3,000.00",857.00,857.00,"2,145.00","3,017.00",2.00,-10.00,1.00,4.00,2.00,,,,,,"5,938.00","6,043.00",,,81.00,81.00,,,,,0.00,0.00,0.00,0.00,0.00,-10.00,,,,-10.00,856.00,"4,543.00","2,284.00","3,421.00",856.00,856.00,"4,543.00","2,284.00","3,421.00",856.00,856.00,"4,543.00","2,284.00","3,421.00",856.00
Micron Technology Inc,MU,431.00,504.00,-29.00,40.00,-49.00,-15.00,-20.00,"24,689.00","24,372.00","24,372.00","24,689.00",325.00,504.00,106.00,106.00,,,,,"7,877.00","9,248.00","7,877.00","9,248.00",3.13,2.64,-0.58,0.30,0.30,0.31,23.13,23.63,22.91,491.00,491.00,491.00,491.00,,,,,,,,,,,,,1.50,1.54,1.96,1.46,1.33,1.34,1.38,1.36,1.34,1.90,2.28,1.54,1.46,0.64,,,,,,,59.00,,63.00,,,,,,,"1,150.00","1,150.00","1,566.00","1,573.00","1,566.00","9,007.00","8,875.00","8,875.00","9,007.00",2.26,"2,339.00","2,909.00","13,576.00","14,450.00","11,237.00","11,541.00",0.00,999.00,"2,682.00",999.00,0.00,-84.00,"-1,897.00","-2,626.00","-1,816.00","-2,542.00","16,543.00","15,037.00",0.00,0.00,0.00,0.00,0.00,,,,,,-205.00,7.00,51.00,58.00,323.00,-84.00,-898.00,56.00,-817.00,140.00,,,,,,"48,364.00","45,044.00",,,520.00,552.00,,,,,,0.00,0.00,0.00,0.00,,,,,,888.00,"3,430.00","1,786.00","2,527.00",898.00,888.00,"3,430.00","1,786.00","2,527.00",898.00,888.00,"3,430.00","1,786.00","2,527.00",898.00
Netflix Inc,NFLX,"1,784.45","1,005.88",150.15,-416.33,-218.51,-65.06,150.15,"11,697.63","13,100.38","13,100.38","11,697.63",,376.85,"1,784.45","1,005.88",,,,,"9,718.52","10,755.40","9,718.52","10,755.40",1.20,1.22,0.15,0.58,0.56,0.69,35.80,40.72,36.83,"1,520.81","1,609.73","1,520.81","1,609.73",-163.93,-590.70,-316.46,-517.45,-163.93,-590.70,,,,,,,2.17,2.17,4.59,2.37,2.34,2.81,3.55,4.48,4.96,5.31,5.07,2.17,2.37,25.28,,,,,,,,,,,,,,,,,,"32,452.46","32,040.84","32,452.46",,"2,125.70",,"2,370.45",,,"2,147.31","13,798.35","14,011.04","13,798.35","14,011.04",,"1,794.46",0.00,"1,794.46",0.00,-800.00,-400.00,-400.00,-400.00,-800.00,"18,341.05","18,131.41",0.00,0.00,0.00,0.00,0.00,-9.17,-38.59,-16.97,-21.60,-4.63,"-1,742.25",613.94,613.94,0.00,"-1,742.25",-800.00,"1,394.46",-400.00,"1,394.46",-800.00,,,,,,"40,390.01","40,530.00",,,,,,,,,0.00,0.00,0.00,0.00,0.00,-9.17,-38.59,-16.97,-21.60,-4.63,822.82,"2,925.30","1,413.73","2,148.79",822.82,822.82,"2,925.30","1,413.73","2,148.79",822.82,822.82,"2,925.30","1,413.73","2,148.79",822.82
NVIDIA Corp,NVDA,288.00,288.00,,,,,,"80,126.00","80,126.00","80,126.00","80,126.00",288.00,288.00,"1,250.00","1,250.00",63.25,52.00,,,"18,047.00","18,047.00","18,047.00","18,047.00",4.44,4.44,-0.93,0.13,0.13,0.22,11.18,18.22,11.18,837.00,837.00,837.00,837.00,"-1,577.00","-4,477.00","-3,276.00","-3,879.00",-598.00,"-4,477.00",,,,,,,1.41,,1.71,1.41,1.53,1.86,1.66,1.70,1.42,1.42,1.50,1.41,1.53,19.57,,,,,,,,,,,,,,,,"5,188.00","5,188.00","5,995.00","5,995.00","5,995.00","10,080.00","10,080.00","10,080.00","10,080.00",4.25,"1,519.00","1,519.00","9,982.00","9,982.00","8,463.00","8,463.00",0.00,0.00,0.00,0.00,0.00,-22.00,"-1,250.00","-1,250.00","-1,250.00",0.00,"14,227.00","14,227.00",-39.00,"-1,007.00",-317.00,-465.00,-542.00,,,,,,"-16,200.00","-5,601.00","-5,285.00","-7,214.00","-10,599.00",-22.00,"-1,250.00","-1,250.00","-1,250.00",0.00,,,,,,"31,475.00","31,475.00",,,"10,979.00","10,979.00",886.00,886.00,,,-39.00,"-1,007.00",-317.00,-465.00,-542.00,,,,,,"2,720.00","12,914.00","5,810.00","9,200.00","3,714.00","2,720.00","12,914.00","5,810.00","9,200.00","3,714.00","2,720.00","12,914.00","5,810.00","9,200.00","3,714.00"
NXP Semiconductors NV,NXPI,500.00,"1,499.00",2.00,-4.00,-7.00,0.00,2.00,"8,025.00","7,305.00","7,305.00","8,025.00",,,500.00,"1,499.00",,3.00,,,"3,849.00","3,098.00","3,849.00","3,098.00",2.09,2.36,-1.34,1.10,1.13,1.18,53.00,54.07,52.31,,,,,-27.00,-272.00,-87.00,-127.00,-27.00,-272.00,27.00,136.00,79.00,108.00,27.00,136.00,2.70,2.66,2.29,2.82,3.12,3.20,2.22,2.12,2.05,1.78,2.28,2.66,2.82,3.83,,-10.00,,,,,,,,,,,,,,"9,930.00","9,942.00","10,766.00","10,719.00","10,766.00","2,350.00","2,356.00","2,356.00","2,350.00",2.45,,,"10,354.00","10,226.00","10,354.00","10,226.00",370.00,670.00,0.00,0.00,370.00,0.00,"-1,000.00","-1,000.00","-1,000.00",0.00,"11,654.00","11,756.00",0.00,0.00,0.00,0.00,0.00,-25.00,-149.00,-87.00,-113.00,-25.00,154.00,-53.00,-53.00,-20.00,-179.00,370.00,-330.00,"-1,000.00","-1,000.00",370.00,500.00,0.00,"2,000.00","2,000.00",500.00,"17,155.00","17,080.00",,,"1,251.00","1,284.00",44.00,57.00,,,0.00,0.00,0.00,0.00,0.00,-25.00,-149.00,-87.00,-113.00,-25.00,547.00,"2,347.00","1,158.00","1,735.00",547.00,547.00,"2,347.00","1,158.00","1,735.00",547.00,547.00,"2,347.00","1,158.00","1,735.00",547.00
Oracle Corp,ORCL,"10,605.00","8,167.00",85.00,-70.00,-44.00,-95.00,-51.00,"30,116.00","22,554.00","22,554.00","30,116.00",,,"10,605.00","8,167.00",663.00,671.00,,,"29,623.00","31,544.00","29,623.00","31,544.00",1.02,0.72,-0.82,5.27,8.76,80.54,89.76,98.77,84.04,"9,313.00","9,019.00","9,313.00","9,019.00",-151.00,"-2,139.00",-601.00,"-1,097.00",-496.00,"-2,139.00",624.00,"3,010.00","1,215.00","1,763.00",548.00,"3,010.00",9.65,16.20,2.28,125.24,,25.03,9.56,4.99,2.97,2.51,2.37,16.20,125.24,2.74,,,,,,,,,,,-119.00,-531.00,-236.00,-332.00,-96.00,"62,230.00","62,171.00","69,120.00","67,302.00","69,120.00",,300.00,,496.00,,,,"76,264.00","88,109.00","76,264.00","88,109.00","5,627.00",0.00,"11,837.00","19,548.00","7,711.00",-396.00,"-3,500.00","-9,700.00","-9,771.00",-71.00,"114,494.00","100,193.00",0.00,-63.00,0.00,0.00,0.00,,,,,,-431.00,-114.00,-462.00,-280.00,-394.00,"5,231.00","-3,500.00","2,137.00","9,777.00","7,640.00","-7,630.00",-167.00,-396.00,-396.00,0.00,"131,262.00","118,422.00",,,"12,273.00","11,799.00","3,692.00","2,208.00",,,0.00,-63.00,0.00,0.00,0.00,,,,,,"2,306.00","8,915.00","4,777.00","7,206.00","2,429.00","2,306.00","8,915.00","4,777.00","7,206.00","2,429.00","2,306.00","8,915.00","4,777.00","7,206.00","2,429.00"
Proto Labs Inc,PRLB,1.60,1.60,-0.12,-0.42,-0.18,0.24,-0.65,194.85,194.85,194.85,194.85,1.60,1.60,5.00,5.00,0.48,0.46,,,53.27,53.27,53.27,53.27,3.66,3.66,1.82,0.00,0.00,0.01,0.29,0.52,0.29,,,,,-2.25,-5.15,-4.14,-6.14,0.99,-5.15,,,,,,,1.11,1.11,1.10,1.11,1.15,1.12,1.16,1.15,1.14,1.12,1.09,1.11,1.11,2.04,0.00,-5.59,0.00,0.00,-5.59,,,,,,,,,,,273.99,273.99,295.41,295.41,295.41,12.31,12.31,12.31,12.31,21.39,1.92,1.92,1.92,1.92,0.16,0.00,,0.00,,,,-0.07,-0.30,-0.15,-0.22,-0.08,20.09,20.09,0.00,0.00,0.00,0.00,0.00,,,,,,-4.45,-2.07,6.98,10.42,-2.38,-0.07,-0.30,-0.15,-0.22,-0.08,,5.00,,,,548.66,548.66,,,,,13.57,13.57,,,0.00,0.00,0.00,0.00,0.00,,,,,,11.17,41.30,21.83,31.60,9.70,11.17,41.30,21.83,31.60,9.70,11.17,41.30,21.83,31.60,9.70
Prime Medicine Inc,PRME,3.61,3.61,,,,,,211.89,211.89,211.89,211.89,3.61,3.61,,,,,,,37.96,37.96,37.96,37.96,5.58,5.58,0.58,0.24,0.24,0.03,19.53,3.17,19.53,7.09,7.09,7.09,7.09,0.13,0.00,0.00,0.00,0.00,0.00,,,,,,,1.94,1.94,,1.46,1.14,,23.43,,,,,1.94,1.46,0.06,,,,,,,,,,,1.17,-0.49,-0.76,-0.54,0.06,,,,,,,,,,,37.18,37.18,37.18,37.18,,,,,,,,,,,,,106.40,106.40,,,,,,,,,,,74.75,49.77,-34.71,-25.91,24.98,,,,,,,,,,,85.62,85.62,,,,,0.00,0.13,,,,,,,,,,,,,37.77,155.29,80.85,121.19,34.10,37.77,155.29,80.85,121.19,34.10,37.77,155.29,80.85,121.19,34.10
Quanta Services Inc,PWR,156.84,166.54,2.29,-30.27,-7.00,4.27,2.29,"7,829.75","7,851.03","7,851.03","7,829.75",94.16,92.83,62.68,73.72,,,31.01,31.01,"5,985.61","6,028.51","5,985.61","6,028.51",1.31,1.30,9.99,0.61,0.59,0.61,37.13,38.04,38.06,"2,149.33","2,151.55","2,149.33","2,151.55",6.89,-8.33,-5.37,-1.85,6.89,-8.33,109.56,382.96,156.73,267.15,109.56,382.96,2.57,2.55,1.69,2.59,2.50,2.51,1.93,2.06,1.96,1.71,1.60,2.55,2.59,8.47,,,,,,,,,,,,,,,,"5,316.44","5,560.21","7,176.98","7,518.75","7,176.98",263.09,260.18,260.18,263.09,92.52,222.36,221.20,"4,322.12","4,581.21","4,099.76","4,360.01","5,488.22","21,122.93","6,914.68","1,238.74","5,488.22","-5,216.82","-21,214.99","-7,621.68",-6.38,"-5,216.82","5,676.57","5,325.66",-394.26,"-1,827.61",-450.80,"-1,797.05",-394.26,-0.38,-1.15,-1.13,-8.04,-6.91,29.24,0.00,0.00,29.24,29.24,271.40,-92.07,-707.00,"1,238.74",271.40,380.81,408.66,-15.60,-791.04,205.02,"11,304.79","10,832.86",,,,,353.27,375.22,,,-394.26,"-1,827.61",-450.80,"-1,797.05",-394.26,-0.38,-1.15,-1.13,-8.04,-6.91,,,,,,,,,,,,,,,
PayPal Holdings Inc,PYPL,999.00,418.00,94.00,-207.00,-89.00,103.00,94.00,"60,611.00","61,092.00","61,092.00","60,611.00",,,999.00,418.00,,,,,"46,622.00","48,376.00","46,622.00","48,376.00",1.30,1.26,-0.65,0.56,0.48,0.46,32.61,31.49,36.05,,,,,-6.00,231.00,29.00,8.00,-6.00,231.00,,,,,,,4.01,4.00,2.10,3.90,3.88,3.49,3.52,3.04,2.82,2.55,2.25,4.00,3.90,21.23,,,,,,,,,,,48.00,-285.00,-55.00,-226.00,48.00,"10,837.00","10,910.00","11,163.00","11,206.00","11,163.00",,,,,,,,"9,879.00","11,417.00","9,879.00","11,417.00","1,491.00","2,202.00","1,414.00","2,202.00","1,491.00",0.00,"-2,317.00",-411.00,"-1,067.00",0.00,"14,398.00","12,818.00",0.00,0.00,0.00,0.00,0.00,,,,,,666.00,-618.00,-618.00,"-1,763.00",287.00,"1,491.00",-115.00,"1,003.00","1,135.00","1,491.00",-359.00,"1,573.00","3,129.00",0.00,-359.00,"20,663.00","20,519.00",,,,,"2,925.00","2,618.00",,,,0.00,-16.00,-469.00,0.00,,,,,,731.00,"2,979.00","1,460.00","2,206.00",731.00,731.00,"2,979.00","1,460.00","2,206.00",731.00,731.00,"2,979.00","1,460.00","2,206.00",731.00
Qualcomm Inc,QCOM,"1,364.00","1,365.00",-44.00,12.00,-38.00,-4.00,6.00,"26,080.00","25,231.00","25,231.00","26,080.00",,,"1,364.00","1,365.00",635.00,0.00,,,"9,544.00","10,504.00","9,544.00","10,504.00",2.73,2.40,-8.93,0.48,0.51,0.67,33.56,40.16,32.35,297.00,232.00,297.00,232.00,247.00,"-3,064.00",-899.00,"-2,538.00","-1,146.00","-3,064.00",,,,,,,2.00,2.10,1.62,2.37,2.72,4.14,5.86,6.71,40.54,2.13,1.65,2.10,2.37,8.03,,,,,,,,,,,83.00,168.00,116.00,186.00,31.00,"10,799.00","10,948.00","12,043.00","12,131.00","12,043.00","6,196.00","6,423.00","6,423.00","6,196.00",2.66,,,"13,270.00","13,258.00","13,270.00","13,258.00",0.00,0.00,0.00,0.00,0.00,,-914.00,0.00,-914.00,0.00,"18,100.00","18,376.00",-260.00,-254.00,-341.00,-234.00,-81.00,,0.00,,,,"-2,304.00",-968.00,-162.00,"-1,130.00","-2,191.00",0.00,-914.00,0.00,-914.00,0.00,0.00,0.00,0.00,0.00,0.00,"29,292.00","29,923.00",,,"5,162.00","5,750.00",,,,,-260.00,-254.00,-341.00,-234.00,-81.00,,,,,,"2,230.00","8,893.00","4,446.00","6,591.00","2,216.00","2,230.00","8,893.00","4,446.00","6,591.00","2,216.00","2,230.00","8,893.00","4,446.00","6,591.00","2,216.00"
Rockwell Automation Inc,ROK,"1,168.10","1,137.00",-27.00,12.10,5.20,1.80,-27.00,"3,748.00","3,881.20","3,881.20","3,748.00",89.90,88.00,"1,078.20","1,049.00",151.20,151.20,,,"3,476.00","3,603.90","3,476.00","3,603.90",1.08,1.08,0.61,0.85,0.83,0.88,45.47,46.92,46.06,584.10,608.00,584.10,608.00,,-68.10,,,,-68.10,,,,,,,3.23,3.21,2.84,3.17,3.95,4.48,7.07,15.12,3.87,2.69,3.57,3.21,3.17,7.40,,,,,,,,,,,,0.10,5.90,0.90,,"3,993.30","3,915.00","5,059.60","4,942.00","5,059.60","1,234.00","1,293.10","1,293.10","1,234.00",3.76,355.60,326.00,"2,916.90","2,890.00","2,561.30","2,564.00",,0.00,0.00,0.00,0.00,0.00,0.00,0.00,0.00,0.00,"3,912.00","3,953.00",0.00,-749.20,-748.70,-749.20,0.00,,,,,,-9.80,0.20,0.00,-7.90,-10.00,0.00,0.00,0.00,0.00,"1,485.60",-28.00,674.00,705.90,721.40,-28.00,"7,196.00","7,350.90",,,517.00,533.00,,,,,0.00,-749.20,-748.70,-749.20,0.00,,,,,,,,,,,,,,,,,,,,
Solventum Corp,SOLV,200.00,200.00,0.00,3.00,0.00,1.00,2.00,"3,249.00","3,249.00","3,249.00","3,249.00",,,200.00,200.00,,,,,"2,703.00","2,703.00","2,703.00","2,703.00",1.20,1.20,-0.76,2.64,2.64,,72.52,,72.52,572.00,572.00,572.00,572.00,-25.00,-155.00,-56.00,-93.00,-62.00,-155.00,,,,,,,4.89,4.89,,1.20,1.16,1.17,,,,,,4.89,1.20,5.36,,,,,,,,,,,,,,,,"6,377.00","6,377.00","8,921.00","8,921.00","8,921.00",965.00,965.00,965.00,965.00,4.02,,,"7,810.00","7,810.00","7,810.00","7,810.00","8,303.00","8,303.00","8,303.00","8,303.00",0.00,,-300.00,,-200.00,-100.00,"8,795.00","8,795.00",,0.00,,0.00,0.00,,,,,,,,,,,"8,303.00","8,003.00","8,303.00","8,103.00",-100.00,,,,,,"11,208.00","11,208.00",,,,,225.00,225.00,,,,,,,,,,,,,195.00,775.00,387.00,576.00,199.00,195.00,775.00,387.00,576.00,199.00,195.00,775.00,387.00,576.00,199.00
Teradyne Inc,TER,18.70,18.70,3.24,-2.28,5.35,6.29,-8.57,"1,816.40","1,816.40","1,816.40","1,816.40",18.70,18.70,50.12,23.53,0.00,0.00,,,624.58,624.58,624.58,624.58,2.91,2.91,-0.58,0.02,0.02,0.03,2.01,2.51,2.01,107.71,107.71,107.71,107.71,-9.67,-46.36,-16.83,-26.26,-20.10,-46.36,4.70,18.76,9.36,14.11,4.66,18.76,1.32,1.32,1.30,1.38,1.43,1.49,1.65,1.88,1.78,1.59,1.51,1.32,1.38,5.14,,57.12,57.49,57.49,-0.37,,,,,,,,,,,395.37,395.37,411.29,411.29,411.29,298.49,298.49,298.49,298.49,3.85,57.92,57.92,57.92,57.92,89.24,50.20,,185.00,185.00,185.00,0.00,0.00,-185.00,-185.00,-185.00,0.00,264.84,264.84,0.00,-441.71,-437.48,-436.71,-5.00,,,,,,16.59,-5.07,19.13,20.39,21.67,0.00,0.00,0.00,0.00,0.00,,,,,,"1,892.32","1,892.32",7.44,7.44,222.44,222.44,1.04,1.04,,,-6.97,-532.06,-524.65,-527.06,-5.00,,,,,,103.20,460.88,215.02,332.49,128.39,103.20,460.88,215.02,332.49,128.39,103.20,460.88,215.02,332.49,128.39
Tesla Inc,TSLA,"3,263.00","3,079.00",40.00,-141.00,-116.00,-8.00,40.00,"59,389.00","58,360.00","58,360.00","59,389.00",920.00,915.00,"2,343.00","2,164.00",,,,,"29,753.00","28,821.00","29,753.00","28,821.00",2.00,2.02,-3.82,0.13,0.14,0.10,12.44,9.44,11.86,"4,161.00","4,256.00","4,161.00","4,256.00",-43.00,477.00,133.00,418.00,-43.00,477.00,,,,,,,1.68,1.67,7.44,1.70,1.84,2.06,2.35,5.18,6.04,6.76,4.77,1.67,1.70,2.02,,,,,,,,,,,,,,,,244.00,248.00,"1,470.00",392.00,"1,470.00","13,706.00","12,017.00","12,017.00","13,706.00",6.26,"4,825.00","4,969.00","10,360.00","10,049.00","5,535.00","5,080.00",625.00,"5,744.00","3,895.00","4,360.00",625.00,"-1,349.00","-2,881.00","-1,428.00","-2,074.00","-1,349.00","19,940.00","19,569.00",,0.00,0.00,0.00,0.00,0.00,0.00,0.00,0.00,0.00,"-7,445.00",-159.00,-159.00,"-3,260.00","-2,622.00",-724.00,"2,863.00","2,467.00","2,286.00",-724.00,,,,,,"65,722.00","63,710.00","3,606.00","3,748.00","6,524.00","6,687.00",82.00,82.00,,,,0.00,0.00,0.00,0.00,0.00,0.00,0.00,0.00,0.00,"1,409.00","4,540.00","2,225.00","3,264.00","1,409.00","1,409.00","4,540.00","2,225.00","3,264.00","1,409.00","1,409.00","4,540.00","2,225.00","3,264.00","1,409.00"
Taiwan Semiconductor Manufacturing Co Ltd ADR,TSM,"59,857.90","59,857.90","27,949.45","47,165.90","39,064.80","13,873.75","33,292.00","3,088,352.10","3,088,352.10","3,088,352.10","3,088,352.10",,,"59,857.90","59,857.90",,,,,"1,308,655.90","1,308,655.90","1,308,655.90","1,308,655.90",2.36,2.36,3.62,0.23,0.23,0.28,18.87,21.64,18.87,,,,,,,,,,,,,,,,,1.58,1.58,1.39,1.61,1.71,1.73,1.50,1.40,1.26,1.33,1.39,1.58,1.61,0.91,,7.10,,,,,,,,,-244.73,"1,113.00",-256.58,"1,567.37",,"6,070.90","6,070.90","26,282.50","26,282.50","26,282.50","287,868.80","287,868.80","287,868.80","287,868.80",4.71,"28,755.30","28,755.30","987,184.20","987,184.20","958,428.90","958,428.90","29,178.00","65,197.00","40,678.00","57,742.00","7,455.00","-1,287.93","-12,169.30","-2,528.69","-9,122.61","-2,386.00","1,103,837.20","1,103,837.20",,"-3,738.80",,,,"-2,042.12","-8,818.50","-5,012.49","-5,778.18",-765.70,"-54,143.10","-20,466.00","4,434.49","-14,168.01","-33,773.06","27,890.07","53,027.70","38,149.31","48,619.39","5,069.00","-26,496.57","-26,496.60","-26,496.57","-26,496.57",0.00,"3,603,412.60","3,603,412.60",,,"65,943.30","65,943.30","3,988.50","3,988.50",,,,"-3,738.80",,,,"-2,042.12","-8,875.70","-5,061.78","-5,827.48",-765.70,"46,108.94","204,181.80","94,166.64","146,950.47","57,232.00","46,108.94","204,181.80","94,166.64","146,950.47","57,232.00","46,108.94","204,181.80","94,166.64","146,950.47","57,232.00"
Uber Technologies Inc,UBER,"1,325.00","1,325.00",-94.00,-267.00,-150.00,-88.00,-179.00,"12,245.00","12,245.00","12,245.00","12,245.00",175.00,175.00,"1,150.00","1,150.00",,,,,"11,476.00","11,476.00","11,476.00","11,476.00",1.07,1.07,-0.15,0.45,0.45,0.98,31.25,49.46,31.25,76.00,121.00,76.00,121.00,-16.00,"-6,027.00",-23.00,101.00,"-6,128.00","-6,027.00",190.00,711.00,363.00,542.00,169.00,711.00,2.38,2.38,,3.44,4.37,2.68,2.71,2.24,,,,2.38,3.44,13.69,,0.00,,,,,,,,,-885.00,"1,441.00",-635.00,"1,054.00",387.00,"8,066.00","8,066.00","9,191.00","9,191.00","9,191.00",,,,,,"1,454.00","1,454.00","9,801.00","9,801.00","8,347.00","8,347.00",0.00,"3,972.00",0.00,"3,972.00",0.00,-48.00,"-4,158.00",-90.00,"-2,108.00","-2,050.00","17,292.00","17,292.00",9.00,17.00,17.00,17.00,0.00,,0.00,,,,"-2,850.00","1,416.00",-173.00,"-1,698.00","-4,266.00",-48.00,-186.00,-90.00,"1,864.00","-2,050.00",,0.00,,,,"38,999.00","38,999.00",,,"6,171.00","6,171.00",9.00,9.00,144.00,144.00,0.00,0.00,0.00,0.00,0.00,,0.00,,,,790.00,"3,109.00","1,550.00","2,324.00",785.00,790.00,"3,109.00","1,550.00","2,324.00",785.00,790.00,"3,109.00","1,550.00","2,324.00",785.00
Union Pacific Corp,UNP,"1,771.00","2,531.00",,,,,,"4,539.00","4,021.00","4,021.00","4,539.00",346.00,304.00,"1,425.00","2,227.00",277.00,218.00,,,"6,222.00","5,254.00","6,222.00","5,254.00",0.73,0.77,-0.73,1.96,1.82,2.19,64.50,68.66,66.17,,,,,-7.00,28.00,43.00,77.00,-7.00,28.00,,,,,,,4.27,4.01,2.64,4.54,5.38,4.49,3.68,3.40,2.90,2.33,2.80,4.01,4.54,0.41,,,,,,,,,,,,,,,,,,791.00,779.00,791.00,747.00,769.00,769.00,747.00,17.47,925.00,758.00,"30,692.00","31,373.00","29,767.00","30,615.00","1,996.00",800.00,800.00,800.00,"1,996.00",-370.00,"-2,226.00","-1,807.00","-2,220.00",-370.00,"46,231.00","45,571.00",,,,,,,,,,,0.00,0.00,46.00,46.00,0.00,"1,626.00","-1,426.00","-1,007.00","-1,420.00","1,626.00",0.00,-205.00,297.00,-203.00,0.00,"63,953.00","63,694.00",,,,,"13,151.00","13,144.00",,,,,,,,,,,,,,,,,,,,,,,,,,,
Veeco Instruments Inc,VECO,30.25,30.25,-0.04,0.01,-0.04,0.09,-0.08,764.53,764.53,764.53,764.53,3.76,3.76,26.50,26.50,7.98,6.50,0.12,0.12,192.28,192.28,192.28,192.28,3.98,3.98,0.86,0.37,0.37,0.46,26.93,31.31,26.93,64.99,64.99,64.99,64.99,-0.84,-8.73,-0.07,1.89,-10.61,-8.73,1.89,6.98,3.72,5.40,1.58,6.98,1.62,1.62,1.25,1.83,1.95,2.05,2.20,2.18,2.06,1.65,1.28,1.62,1.83,5.07,,,,,,,,,,,,,,,,214.96,214.96,223.80,223.80,223.80,246.74,246.74,246.74,246.74,1.71,34.32,34.32,284.02,284.02,249.70,249.70,0.00,0.00,0.00,0.00,0.00,0.00,0.00,0.00,0.00,0.00,288.53,288.53,0.00,0.00,0.00,0.00,0.00,,,,,,-48.47,-40.54,24.68,17.69,-7.93,0.00,0.00,0.00,0.00,0.00,,0.00,,,,487.05,487.05,,,120.19,120.19,0.69,0.69,,,0.00,0.00,0.00,0.00,0.00,,,,,,29.64,124.51,61.34,93.55,30.95,29.64,124.51,61.34,93.55,30.95,29.64,124.51,61.34,93.55,30.95
VF Corp,VFC,"1,574.10",763.31,-8.34,-22.07,14.30,-28.33,-42.64,"5,021.48","4,226.95","4,226.95","5,021.48",309.44,309.44,"1,264.66",763.31,154.29,154.29,6.18,6.18,"3,226.91","3,456.98","3,226.91","3,456.98",1.56,1.22,2.36,2.97,3.53,2.36,77.94,70.28,74.80,77.89,77.89,67.12,67.12,,-395.10,-7.24,-15.01,-7.78,-395.10,,,,,,,6.28,,,7.00,4.81,3.78,4.50,3.32,2.41,2.80,,7.00,4.81,4.68,,,,,,,,,,,,,,,,"1,460.41",634.36,"4,389.86","2,341.10","4,389.86","1,794.52","1,766.37","1,766.37","1,794.52",2.47,"1,156.86","1,103.59","5,859.14","4,988.16","4,702.28","3,884.56",0.00,0.00,0.00,0.00,0.00,-0.28,-908.20,-0.55,"-1,000.83","-1,000.28","5,647.08","6,497.62",0.00,0.00,0.00,"1,485.95",0.00,-16.11,-65.17,-25.73,-29.20,-3.48,0.00,0.00,0.00,0.00,0.00,-0.28,-908.20,-0.55,"-1,000.83","-1,000.28",-0.23,255.15,199.26,-251.13,-450.39,"5,532.74","7,386.02",48.37,48.37,389.78,389.78,10.08,10.08,,,0.00,0.00,0.00,0.00,0.00,-16.11,-65.17,-25.73,-29.20,-3.48,,,,,,,,,,,,,,,
Exxon Mobil Corp,XOM,"4,955.00","4,955.00",-324.00,-676.00,-318.00,-57.00,-619.00,"91,990.00","91,990.00","91,990.00","91,990.00",,,"4,955.00","4,955.00",,,,,"70,307.00","70,307.00","70,307.00","70,307.00",1.31,1.31,0.14,0.14,0.14,0.18,12.23,15.47,12.23,,,,,,-865.00,,,,-865.00,,,,,,,1.72,1.72,1.97,1.84,1.89,2.01,2.12,1.89,1.81,1.86,1.97,1.72,1.84,1.33,,,,,,,,,,,,,,,,,,"8,676.00","8,798.00",,"23,524.00","23,524.00","23,524.00","23,524.00",10.79,"3,951.00","3,951.00","36,755.00","36,755.00","32,804.00","32,804.00",108.00,899.00,217.00,426.00,473.00,0.00,"-1,150.00","-1,142.00","-1,142.00",-8.00,"112,562.00","112,562.00",86.00,754.00,754.00,754.00,0.00,,,,,,"-3,299.00","-2,261.00",-421.00,-744.00,"-1,038.00",108.00,-251.00,-925.00,-716.00,465.00,"-1,111.00","-4,761.00","-2,777.00","-3,840.00",-921.00,"361,485.00","361,485.00",,,,,"39,042.00","39,042.00",,,,,,,,,,,,,,,,,,,,,,,,,,,